Model,Accuracy,Precision,Recall,F1-macro,Train Time (s)
kNN,0.8334527587265841,0.6665105386416862,0.6086398631308811,0.7641316720620956,0.11
Decision Tree,0.8565871634763026,0.798597833014659,0.5359281437125748,0.7758916332463117,0.27
