Model,Accuracy,Precision,Recall,F1-macro,Train Time (s)
kNN,0.8334527587265841,0.6665105386416862,0.6086398631308811,0.7641316720620956,0.24
Decision Tree,0.8565871634763026,0.798597833014659,0.5359281437125748,0.7758916332463117,0.76
NN: 1 Layer (50),0.8473743474255298,0.7040963855421687,0.6248930710008554,0.7817780449573293,68.3
"NN: 2 layers (100, 50)",0.8294605384379159,0.6575984990619137,0.5996578272027374,0.7583638140949693,142.47
"NN: 3 layers (250,100,50)",0.8170744190807657,0.6164904862579281,0.6236099230111206,0.7497856963848059,182.29
NN: Slow Learning Rate,0.8517760262053434,0.7377136752136753,0.5906757912745937,0.7807946831036552,174.13
NN: Extensive Training,0.8294605384379159,0.6575984990619137,0.5996578272027374,0.7583638140949693,140.8
